competition,date,match_name,stage,round,round_label,team1,score1,score2,team2,winner,location
5v5 Tourney 2022 : Men’s Major,2022-09-17,S1.PA.R1.1,1,1,,Amethyst,18,25,World Peace,World Peace,Lapangan Hockey Senayan
5v5 Tourney 2022 : Men’s Major,2022-09-17,S1.PA.R1.2,1,1,,Doflamingo,37,25,BENCANA,Doflamingo,Lapangan Hockey Senayan
5v5 Tourney 2022 : Men’s Major,2022-09-24,S1.PA.R1.5,1,1,,World Peace,8,33,Doflamingo,Doflamingo,Lapangan Hockey Senayan
5v5 Tourney 2022 : Men’s Major,2022-09-24,S1.PA.R1.6,1,1,,Amethyst,13,24,BENCANA,BENCANA,Lapangan Hockey Senayan
5v5 Tourney 2022 : Men’s Major,2022-10-01,S1.PA.R1.3,1,1,,World Peace,13,20,BENCANA,BENCANA,Lapangan Hockey Senayan
5v5 Tourney 2022 : Men’s Major,2022-10-01,S1.PA.R1.4,1,1,,Amethyst,20,31,Doflamingo,Doflamingo,Lapangan Hockey Senayan
5v5 Tourney 2022 : Men’s Major,2022-10-08,S2.R1.1,2,1,Final,Doflamingo,7,6,BENCANA,Doflamingo,Lapangan Hockey Senayan
5v5 Tourney 2022 : Men’s Minor,2022-09-17,S1.PA.R1.1,1,1,,Bullhorns,18,6,Copperheads,Bullhorns,Lapangan Hockey Senayan
5v5 Tourney 2022 : Men’s Minor,2022-09-17,S1.PA.R1.2,1,1,,Cougars,12,21,Pharaohs,Pharaohs,Lapangan Hockey Senayan
5v5 Tourney 2022 : Men’s Minor,2022-09-24,S1.PA.R1.5,1,1,,Copperheads,19,0,Cougars,Copperheads,Lapangan Hockey Senayan
5v5 Tourney 2022 : Men’s Minor,2022-09-24,S1.PA.R1.6,1,1,,Bullhorns,19,6,Pharaohs,Bullhorns,Lapangan Hockey Senayan
5v5 Tourney 2022 : Men’s Minor,2022-10-01,S1.PA.R1.3,1,1,,Copperheads,6,0,Pharaohs,Copperheads,Lapangan Hockey Senayan
5v5 Tourney 2022 : Men’s Minor,2022-10-01,S1.PA.R1.4,1,1,,Bullhorns,20,14,Cougars,Bullhorns,Lapangan Hockey Senayan
5v5 Tourney 2022 : Men’s Minor,2022-10-08,S2.R1.1,2,1,Final,Bullhorns,25,19,Copperheads,Bullhorns,Lapangan Hockey Senayan
5v5 Tourney 2022 : Women’s,2022-09-17,S1.PA.R1.1,1,1,,Pumpkins,19,7,Green Mambas,Pumpkins,Lapangan Hockey Senayan
5v5 Tourney 2022 : Women’s,2022-09-17,S1.PA.R1.2,1,1,,Midnight Cubs,12,7,Underdogs,Midnight Cubs,Lapangan Hockey Senayan
5v5 Tourney 2022 : Women’s,2022-09-24,S1.PA.R1.5,1,1,,Green Mambas,6,0,Midnight Cubs,Green Mambas,Lapangan Hockey Senayan
5v5 Tourney 2022 : Women’s,2022-09-24,S1.PA.R1.6,1,1,,Pumpkins,7,6,Underdogs,Pumpkins,Lapangan Hockey Senayan
5v5 Tourney 2022 : Women’s,2022-10-01,S1.PA.R1.3,1,1,,Green Mambas,12,8,Underdogs,Green Mambas,Lapangan Hockey Senayan
5v5 Tourney 2022 : Women’s,2022-10-01,S1.PA.R1.4,1,1,,Pumpkins,21,12,Midnight Cubs,Pumpkins,Lapangan Hockey Senayan
5v5 Tourney 2022 : Women’s,2022-10-08,S2.R1.1,2,1,Final,Pumpkins,6,13,Green Mambas,Green Mambas,Lapangan Hockey Senayan
AIA Vitality WFF Jakarta League 2024,2024-09-08,,1,1,,Gorgons,19,0,Women Pandas,Gorgons,Australian Independent (International) School - AIS
AIA Vitality WFF Jakarta League 2024,2024-09-08,,1,1,,Orcas,14,13,Panthers,Orcas,Australian Independent (International) School - AIS
AIA Vitality WFF Jakarta League 2024,2024-09-08,,1,1,,Orion,6,28,Warwolves,Warwolves,Australian Independent (International) School - AIS
AIA Vitality WFF Jakarta League 2024,2024-09-15,,1,1,,Dracarys,12,6,Gorgons,Dracarys,Australian Independent (International) School - AIS
AIA Vitality WFF Jakarta League 2024,2024-09-15,,1,1,,Orcas,7,34,Warwolves,Warwolves,Australian Independent (International) School - AIS
AIA Vitality WFF Jakarta League 2024,2024-09-15,,1,1,,Panthers,32,0,Women Pandas,Panthers,Australian Independent (International) School - AIS
AIA Vitality WFF Jakarta League 2024,2024-09-22,,1,1,,Dracarys,45,0,Women Pandas,Dracarys,Australian Independent (International) School - AIS
AIA Vitality WFF Jakarta League 2024,2024-09-22,,1,1,,Orion,34,39,Panthers,Panthers,Australian Independent (International) School - AIS
AIA Vitality WFF Jakarta League 2024,2024-09-29,,1,1,,Dracarys,32,12,Panthers,Dracarys,Australian Independent (International) School - AIS
AIA Vitality WFF Jakarta League 2024,2024-09-29,,1,1,,Gorgons,6,18,Orion,Orion,Australian Independent (International) School - AIS
AIA Vitality WFF Jakarta League 2024,2024-09-29,,1,1,,Warwolves,54,0,Women Pandas,Warwolves,Australian Independent (International) School - AIS
AIA Vitality WFF Jakarta League 2024,2024-10-06,,1,1,,Dracarys,41,8,Orion,Dracarys,Australian Independent (International) School - AIS
AIA Vitality WFF Jakarta League 2024,2024-10-06,,1,1,,Gorgons,0,19,Warwolves,Warwolves,Australian Independent (International) School - AIS
AIA Vitality WFF Jakarta League 2024,2024-10-06,,1,1,,Orcas,39,6,Women Pandas,Orcas,Australian Independent (International) School - AIS
AIA Vitality WFF Jakarta League 2024,2024-10-13,,1,1,,Dracarys,33,13,Warwolves,Dracarys,Australian Independent (International) School - AIS
AIA Vitality WFF Jakarta League 2024,2024-10-13,,1,1,,Gorgons,0,22,Panthers,Panthers,Australian Independent (International) School - AIS
AIA Vitality WFF Jakarta League 2024,2024-10-13,,1,1,,Orcas,13,7,Orion,Orcas,Australian Independent (International) School - AIS
AIA Vitality WFF Jakarta League 2024,2024-10-20,,1,1,,Dracarys,20,13,Orcas,Dracarys,Australian Independent (International) School - AIS
AIA Vitality WFF Jakarta League 2024,2024-10-20,,1,1,,Orion,13,12,Women Pandas,Orion,Australian Independent (International) School - AIS
AIA Vitality WFF Jakarta League 2024,2024-10-20,,1,1,,Panthers,0,28,Warwolves,Warwolves,Australian Independent (International) School - AIS
AIA Vitality WFF Jakarta League 2024,2024-10-27,,2,1,Semifinal,Dracarys,46,0,Panthers,Dracarys,Australian Independent (International) School - AIS
AIA Vitality WFF Jakarta League 2024,2024-10-27,,2,1,Semifinal,Orcas,18,7,Warwolves,Orcas,Australian Independent (International) School - AIS
AIA Vitality WFF Jakarta League 2024,2024-11-09,,2,2,Final,Dracarys,31,8,Orcas,Dracarys,Australian Independent (International) School - AIS
DevZone 3 - Mens,2026-02-07,,1,1,,Ironhorn,31,30,Piglets,Ironhorn,DM Sport Ciledug
DevZone 3 - Mens,2026-02-07,,1,1,,Ironhorn,14,0,Seagulls,Ironhorn,DM Sport Ciledug
DevZone 3 - Mens,2026-02-07,,1,1,,Ironhorn,12,15,Strix,Strix,DM Sport Ciledug
DevZone 3 - Mens,2026-02-07,,1,1,,Piglets,6,27,Seagulls,Seagulls,DM Sport Ciledug
DevZone 3 - Mens,2026-02-07,,1,1,,Piglets,12,21,Strix,Strix,DM Sport Ciledug
DevZone 3 - Mens,2026-02-07,,1,1,,Seagulls,20,20,Strix,Draw,DM Sport Ciledug
DevZone 3 - Mens,2026-02-08,,2,1,Semifinal,Strix,31,8,Piglets,Strix,DM Sport Ciledug
DevZone 3 - Mens,2026-02-08,,2,1,Semifinal,Seagulls,7,12,Ironhorn,Ironhorn,DM Sport Ciledug
DevZone 3 - Mens,2026-02-08,,2,2,Final,Strix,27,22,Ironhorn,Strix,DM Sport Ciledug
DevZone 3 - Womens,2026-02-07,,1,1,,Aster,6,20,Crimson Thorn,Crimson Thorn,DM Sport Ciledug
DevZone 3 - Womens,2026-02-07,,1,1,,Aster,6,14,Monkshood,Monkshood,DM Sport Ciledug
DevZone 3 - Womens,2026-02-07,,1,1,,Aster,0,18,Nightshade,Nightshade,DM Sport Ciledug
DevZone 3 - Womens,2026-02-07,,1,1,,Crimson Thorn,27,7,Monkshood,Crimson Thorn,DM Sport Ciledug
DevZone 3 - Womens,2026-02-07,,1,1,,Crimson Thorn,25,7,Nightshade,Crimson Thorn,DM Sport Ciledug
DevZone 3 - Womens,2026-02-07,,1,1,,Monkshood,6,13,Nightshade,Nightshade,DM Sport Ciledug
DevZone 3 - Womens,2026-02-08,,2,1,Semifinal,Crimson Thorn,26,19,Aster,Crimson Thorn,DM Sport Ciledug
DevZone 3 - Womens,2026-02-08,,2,1,Semifinal,Monkshood,0,19,Nightshade,Nightshade,DM Sport Ciledug
DevZone 3 - Womens,2026-02-08,,2,2,Final,Crimson Thorn,19,7,Nightshade,Crimson Thorn,DM Sport Ciledug
Jakarta Bowl by Sambal Bakar,2023-03-18,S1.PA.R1.1,1,1,,Bombshells,14,14,Capitals,Draw,AIS Indonesia Jakarta
Jakarta Bowl by Sambal Bakar,2023-03-18,S1.PA.R1.2,1,1,,Eagles,6,26,Nightwing,Nightwing,AIS Indonesia Jakarta
Jakarta Bowl by Sambal Bakar,2023-03-18,S1.PA.R1.3,1,1,,Pandas,35,0,Ratu Buaya Putih,Pandas,AIS Indonesia Jakarta
Jakarta Bowl by Sambal Bakar,2023-04-29,S1.PA.R1.11,1,1,,Capitals,7,7,Pandas,Draw,AIS Indonesia Jakarta
Jakarta Bowl by Sambal Bakar,2023-04-29,S1.PA.R1.6,1,1,,Nightwing,29,0,Ratu Buaya Putih,Nightwing,AIS Indonesia Jakarta
Jakarta Bowl by Sambal Bakar,2023-04-29,S1.PA.R1.7,1,1,,Bombshells,6,0,Eagles,Bombshells,AIS Indonesia Jakarta
Jakarta Bowl by Sambal Bakar,2023-05-01,S1.PA.R1.10,1,1,,Bombshells,0,15,Nightwing,Nightwing,AIS Indonesia Jakarta
Jakarta Bowl by Sambal Bakar,2023-05-01,S1.PA.R1.14,1,1,,Eagles,13,6,Pandas,Eagles,AIS Indonesia Jakarta
Jakarta Bowl by Sambal Bakar,2023-05-01,S1.PA.R1.9,1,1,,Capitals,30,2,Ratu Buaya Putih,Capitals,AIS Indonesia Jakarta
Jakarta Bowl by Sambal Bakar,2023-05-06,S1.PA.R1.12,1,1,,Eagles,25,0,Ratu Buaya Putih,Eagles,AIS Indonesia Jakarta
Jakarta Bowl by Sambal Bakar,2023-05-06,S1.PA.R1.13,1,1,,Capitals,20,14,Nightwing,Capitals,AIS Indonesia Jakarta
Jakarta Bowl by Sambal Bakar,2023-05-06,S1.PA.R1.5,1,1,,Bombshells,8,0,Pandas,Bombshells,AIS Indonesia Jakarta
Jakarta Bowl by Sambal Bakar,2023-05-13,S1.PA.R1.15,1,1,,Bombshells,20,6,Ratu Buaya Putih,Bombshells,AIS Indonesia Jakarta
Jakarta Bowl by Sambal Bakar,2023-05-13,S1.PA.R1.4,1,1,,Capitals,20,12,Eagles,Capitals,AIS Indonesia Jakarta
Jakarta Bowl by Sambal Bakar,2023-05-13,S1.PA.R1.8,1,1,,Nightwing,28,6,Pandas,Nightwing,AIS Indonesia Jakarta
Jakarta Bowl by Sambal Bakar,2023-05-20,S1.PA.R2.1,1,2,,Bombshells,7,7,Capitals,Draw,AIS Indonesia Jakarta
Jakarta Bowl by Sambal Bakar,2023-05-20,S1.PA.R2.2,1,2,,Eagles,0,19,Nightwing,Nightwing,AIS Indonesia Jakarta
Jakarta Bowl by Sambal Bakar,2023-05-20,S1.PA.R2.3,1,2,,Pandas,20,6,Ratu Buaya Putih,Pandas,AIS Indonesia Jakarta
Jakarta Bowl by Sambal Bakar,2023-05-27,S1.PA.R2.11,1,2,,Capitals,12,19,Pandas,Pandas,AIS Indonesia Jakarta
Jakarta Bowl by Sambal Bakar,2023-05-27,S1.PA.R2.6,1,2,,Nightwing,36,0,Ratu Buaya Putih,Nightwing,AIS Indonesia Jakarta
Jakarta Bowl by Sambal Bakar,2023-05-27,S1.PA.R2.7,1,2,,Bombshells,6,6,Eagles,Draw,AIS Indonesia Jakarta
Jakarta Bowl by Sambal Bakar,2023-06-01,S1.PA.R2.10,1,2,,Bombshells,0,12,Nightwing,Nightwing,AIS Indonesia Jakarta
Jakarta Bowl by Sambal Bakar,2023-06-01,S1.PA.R2.14,1,2,,Eagles,16,20,Pandas,Pandas,AIS Indonesia Jakarta
Jakarta Bowl by Sambal Bakar,2023-06-01,S1.PA.R2.9,1,2,,Capitals,26,14,Ratu Buaya Putih,Capitals,AIS Indonesia Jakarta
Jakarta Bowl by Sambal Bakar,2023-06-04,S1.PA.R2.12,1,2,,Eagles,17,0,Ratu Buaya Putih,Eagles,AIS Indonesia Jakarta
Jakarta Bowl by Sambal Bakar,2023-06-04,S1.PA.R2.13,1,2,,Capitals,19,25,Nightwing,Nightwing,AIS Indonesia Jakarta
Jakarta Bowl by Sambal Bakar,2023-06-04,S1.PA.R2.5,1,2,,Bombshells,12,6,Pandas,Bombshells,AIS Indonesia Jakarta
Jakarta Bowl by Sambal Bakar,2023-06-11,S1.PA.R2.15,1,2,,Bombshells,14,20,Ratu Buaya Putih,Ratu Buaya Putih,AIS Indonesia Jakarta
Jakarta Bowl by Sambal Bakar,2023-06-11,S1.PA.R2.4,1,2,,Capitals,19,14,Eagles,Capitals,AIS Indonesia Jakarta
Jakarta Bowl by Sambal Bakar,2023-06-11,S1.PA.R2.8,1,2,,Nightwing,19,0,Pandas,Nightwing,AIS Indonesia Jakarta
Jakarta Bowl by Sambal Bakar,2023-06-24,S2.R1.1,2,1,Semifinal,Nightwing,18,13,Pandas,Nightwing,AIS Indonesia Jakarta
Jakarta Bowl by Sambal Bakar,2023-06-24,S2.R1.2,2,1,Semifinal,Bombshells,19,26,Capitals,Capitals,AIS Indonesia Jakarta
Jakarta Bowl by Sambal Bakar,2023-07-01,S2.R2.1,2,2,Final,Nightwing,19,13,Capitals,Nightwing,AIS Indonesia Jakarta
JFF Men’s Open SZN 1 by Marugame Udon,2023-09-23,S1.PA.R1.11,1,1,,Headshoes Union,54,8,Ronins,Headshoes Union,Al-Izhar Pondok Labu
JFF Men’s Open SZN 1 by Marugame Udon,2023-09-23,S1.PA.R1.7,1,1,,Dragonfly,6,26,KICHI,KICHI,Al-Izhar Pondok Labu
JFF Men’s Open SZN 1 by Marugame Udon,2023-09-23,S1.PB.R1.13,1,1,,Tropics,37,0,Reptarz,Tropics,Al-Izhar Pondok Labu
JFF Men’s Open SZN 1 by Marugame Udon,2023-09-23,S1.PC.R1.3,1,1,,MF,38,18,Semut Hitam,MF,Al-Izhar Pondok Labu
JFF Men’s Open SZN 1 by Marugame Udon,2023-09-23,S1.PD.R1.9,1,1,,Silverback Wolves,36,14,Virgins,Silverback Wolves,Al-Izhar Pondok Labu
JFF Men’s Open SZN 1 by Marugame Udon,2023-09-30,S1.PA.R1.6,1,1,,Ninetails,0,60,Spectres,Spectres,Al-Izhar Pondok Labu
JFF Men’s Open SZN 1 by Marugame Udon,2023-09-30,S1.PB.R1.15,1,1,,AKHLAKERS,38,0,The Free Agents,AKHLAKERS,Al-Izhar Pondok Labu
JFF Men’s Open SZN 1 by Marugame Udon,2023-09-30,S1.PB.R1.2,1,1,,Jokers,32,6,Reptarz,Jokers,Al-Izhar Pondok Labu
JFF Men’s Open SZN 1 by Marugame Udon,2023-09-30,S1.PC.R1.1,1,1,,UPH Bulldogs,20,40,Cygnus,Cygnus,Al-Izhar Pondok Labu
JFF Men’s Open SZN 1 by Marugame Udon,2023-09-30,S1.PC.R1.2,1,1,,Eagles Young Guns,6,28,Human Darkside,Human Darkside,Al-Izhar Pondok Labu
JFF Men’s Open SZN 1 by Marugame Udon,2023-09-30,S1.PD.R1.7,1,1,,Hooligans,12,39,Virgins,Virgins,Al-Izhar Pondok Labu
JFF Men’s Open SZN 1 by Marugame Udon,2023-10-07,S1.PA.R1.14,1,1,,KICHI,13,14,Ronins,Ronins,Al-Izhar Pondok Labu
JFF Men’s Open SZN 1 by Marugame Udon,2023-10-07,S1.PA.R1.9,1,1,,Headshoes Union,13,25,Spectres,Spectres,Al-Izhar Pondok Labu
JFF Men’s Open SZN 1 by Marugame Udon,2023-10-07,S1.PB.R1.3,1,1,,T13. Galunggung,70,0,The Free Agents,T13. Galunggung,Al-Izhar Pondok Labu
JFF Men’s Open SZN 1 by Marugame Udon,2023-10-07,S1.PC.R1.4,1,1,,Cygnus,60,0,Eagles Young Guns,Cygnus,Al-Izhar Pondok Labu
JFF Men’s Open SZN 1 by Marugame Udon,2023-10-07,S1.PC.R1.5,1,1,,UPH Bulldogs,26,6,MF,UPH Bulldogs,Al-Izhar Pondok Labu
JFF Men’s Open SZN 1 by Marugame Udon,2023-10-07,S1.PC.R1.6,1,1,,Human Darkside,20,6,Semut Hitam,Human Darkside,Al-Izhar Pondok Labu
JFF Men’s Open SZN 1 by Marugame Udon,2023-10-07,S1.PD.R1.10,1,1,,Hooligans,25,12,Thundercats,Hooligans,Al-Izhar Pondok Labu
JFF Men’s Open SZN 1 by Marugame Udon,2023-10-07,S1.PD.R1.3,1,1,,Eagles,15,26,Virgins,Virgins,Al-Izhar Pondok Labu
JFF Men’s Open SZN 1 by Marugame Udon,2023-10-14,S1.PA.R1.10,1,1,,Dragonfly,14,6,Ninetails,Dragonfly,Al-Izhar Pondok Labu
JFF Men’s Open SZN 1 by Marugame Udon,2023-10-14,S1.PA.R1.3,1,1,,Ronins,6,65,Spectres,Spectres,Al-Izhar Pondok Labu
JFF Men’s Open SZN 1 by Marugame Udon,2023-10-14,S1.PA.R1.4,1,1,,Headshoes Union,37,0,KICHI,Headshoes Union,Al-Izhar Pondok Labu
JFF Men’s Open SZN 1 by Marugame Udon,2023-10-14,S1.PB.R1.11,1,1,,Tropics,6,37,T13. Galunggung,T13. Galunggung,Al-Izhar Pondok Labu
JFF Men’s Open SZN 1 by Marugame Udon,2023-10-14,S1.PB.R1.12,1,1,,Jokers,72,0,The Free Agents,Jokers,Al-Izhar Pondok Labu
JFF Men’s Open SZN 1 by Marugame Udon,2023-10-14,S1.PD.R1.2,1,1,,Silverback Wolves,43,7,Thundercats,Silverback Wolves,Al-Izhar Pondok Labu
JFF Men’s Open SZN 1 by Marugame Udon,2023-10-21,S1.PA.R1.15,1,1,,Dragonfly,0,50,Spectres,Spectres,Al-Izhar Pondok Labu
JFF Men’s Open SZN 1 by Marugame Udon,2023-10-21,S1.PA.R1.2,1,1,,KICHI,42,14,Ninetails,KICHI,Al-Izhar Pondok Labu
JFF Men’s Open SZN 1 by Marugame Udon,2023-10-21,S1.PB.R1.10,1,1,,AKHLAKERS,20,0,Reptarz,AKHLAKERS,Al-Izhar Pondok Labu
JFF Men’s Open SZN 1 by Marugame Udon,2023-10-21,S1.PB.R1.14,1,1,,Jokers,14,31,T13. Galunggung,T13. Galunggung,Al-Izhar Pondok Labu
JFF Men’s Open SZN 1 by Marugame Udon,2023-10-21,S1.PC.R1.11,1,1,,Cygnus,20,13,MF,Cygnus,Al-Izhar Pondok Labu
JFF Men’s Open SZN 1 by Marugame Udon,2023-10-21,S1.PC.R1.15,1,1,,UPH Bulldogs,32,14,Semut Hitam,UPH Bulldogs,Al-Izhar Pondok Labu
JFF Men’s Open SZN 1 by Marugame Udon,2023-10-21,S1.PD.R1.4,1,1,,Hooligans,24,37,Silverback Wolves,Silverback Wolves,Al-Izhar Pondok Labu
JFF Men’s Open SZN 1 by Marugame Udon,2023-10-21,S1.PD.R1.8,1,1,,Eagles,40,7,Thundercats,Eagles,Al-Izhar Pondok Labu
JFF Men’s Open SZN 1 by Marugame Udon,2023-10-28,S1.PA.R1.5,1,1,,Dragonfly,12,25,Ronins,Ronins,Al-Izhar Pondok Labu
JFF Men’s Open SZN 1 by Marugame Udon,2023-10-28,S1.PB.R1.1,1,1,,AKHLAKERS,13,18,Tropics,Tropics,Al-Izhar Pondok Labu
JFF Men’s Open SZN 1 by Marugame Udon,2023-10-28,S1.PB.R1.6,1,1,,Reptarz,25,25,The Free Agents,Draw,Al-Izhar Pondok Labu
JFF Men’s Open SZN 1 by Marugame Udon,2023-10-28,S1.PC.R1.12,1,1,,Eagles Young Guns,34,12,Semut Hitam,Eagles Young Guns,Al-Izhar Pondok Labu
JFF Men’s Open SZN 1 by Marugame Udon,2023-10-28,S1.PC.R1.13,1,1,,Cygnus,21,0,Human Darkside,Cygnus,Al-Izhar Pondok Labu
JFF Men’s Open SZN 1 by Marugame Udon,2023-10-28,S1.PD.R1.6,1,1,,Eagles,31,37,Silverback Wolves,Silverback Wolves,Al-Izhar Pondok Labu
JFF Men’s Open SZN 1 by Marugame Udon,2023-11-04,S1.PA.R1.13,1,1,,Headshoes Union,71,12,Ninetails,Headshoes Union,Al-Izhar Pondok Labu
JFF Men’s Open SZN 1 by Marugame Udon,2023-11-04,S1.PB.R1.4,1,1,,Tropics,13,44,Jokers,Jokers,Al-Izhar Pondok Labu
JFF Men’s Open SZN 1 by Marugame Udon,2023-11-04,S1.PB.R1.5,1,1,,AKHLAKERS,6,28,T13. Galunggung,T13. Galunggung,Al-Izhar Pondok Labu
JFF Men’s Open SZN 1 by Marugame Udon,2023-11-04,S1.PC.R1.10,1,1,,UPH Bulldogs,13,7,Human Darkside,UPH Bulldogs,Al-Izhar Pondok Labu
JFF Men’s Open SZN 1 by Marugame Udon,2023-11-04,S1.PC.R1.14,1,1,,Eagles Young Guns,7,36,MF,MF,Al-Izhar Pondok Labu
JFF Men’s Open SZN 1 by Marugame Udon,2023-11-04,S1.PD.R1.1,1,1,,Eagles,39,7,Hooligans,Eagles,Al-Izhar Pondok Labu
JFF Men’s Open SZN 1 by Marugame Udon,2023-11-04,S1.PD.R1.5,1,1,,Thundercats,19,41,Virgins,Virgins,Al-Izhar Pondok Labu
JFF Men’s Open SZN 1 by Marugame Udon,2023-11-11,,2,1,Quarterfinal,Cygnus,24,26,Headshoes Union,Headshoes Union,Al-Izhar Pondok Labu
JFF Men’s Open SZN 1 by Marugame Udon,2023-11-11,,2,1,Quarterfinal,Spectres,24,19,Jokers,Spectres,Al-Izhar Pondok Labu
JFF Men’s Open SZN 1 by Marugame Udon,2023-11-11,,2,1,Quarterfinal,Virgins,6,39,T13. Galunggung,T13. Galunggung,Al-Izhar Pondok Labu
JFF Men’s Open SZN 1 by Marugame Udon,2023-11-11,,2,1,Quarterfinal,UPH Bulldogs,18,19,Silverback Wolves,Silverback Wolves,Al-Izhar Pondok Labu
JFF Men’s Open SZN 1 by Marugame Udon,2023-11-18,,2,2,Semifinal,Spectres,42,6,Silverback Wolves,Spectres,Al-Izhar Pondok Labu
JFF Men’s Open SZN 1 by Marugame Udon,2023-11-18,,2,2,Semifinal,Headshoes Union,14,32,T13. Galunggung,T13. Galunggung,Al-Izhar Pondok Labu
JFF Men’s Open SZN 1 by Marugame Udon,2023-11-25,,2,3,3rd Place,Silverback Wolves,15,32,Headshoes Union,Headshoes Union,Al-Izhar Pondok Labu
JFF Men’s Open SZN 1 by Marugame Udon,2023-11-25,,2,3,Final,Spectres,13,12,T13. Galunggung,Spectres,Al-Izhar Pondok Labu
JFF MINOR LEAGUE 2025: DevZone,2025-02-01,,1,1,,ARES,14,24,HADES,HADES,GBK Hockey Field
JFF MINOR LEAGUE 2025: DevZone,2025-02-01,,1,1,,Poseidon,7,25,ZEUS,ZEUS,GBK Hockey Field
JFF MINOR LEAGUE 2025: DevZone,2025-02-08,,1,1,,ARES,18,12,Poseidon,ARES,GBK Hockey Field
JFF MINOR LEAGUE 2025: DevZone,2025-02-08,,1,1,,ARES,26,14,ZEUS,ARES,GBK Hockey Field
JFF MINOR LEAGUE 2025: DevZone,2025-02-08,,1,1,,HADES,25,6,Poseidon,HADES,GBK Hockey Field
JFF MINOR LEAGUE 2025: DevZone,2025-02-08,,1,1,,HADES,32,12,ZEUS,HADES,GBK Hockey Field
JFF MINOR LEAGUE 2025: DevZone,2025-02-15,,2,1,Semifinal,HADES,20,0,Poseidon,HADES,GBK Hockey Field
JFF MINOR LEAGUE 2025: DevZone,2025-02-15,,2,1,Semifinal,ZEUS,19,14,ARES,ZEUS,GBK Hockey Field
JFF MINOR LEAGUE 2025: DevZone,2025-02-22,,2,2,Final,HADES,19,7,ZEUS,HADES,GBK Hockey Field
JFF MINOR LEAGUE 2025: DevZone,2025-02-22,,2,2,3rd Place,Poseidon,26,32,ARES,ARES,GBK Hockey Field
JFF’s 8v8 League by Sambal Bakar,2024-04-28,,1,1,,Capitals,28,14,Pandas,Capitals,Australian Independent (International) School - AIS
JFF’s 8v8 League by Sambal Bakar,2024-04-28,,1,1,,Bombshells,48,0,Primetime,Bombshells,Australian Independent (International) School - AIS
JFF’s 8v8 League by Sambal Bakar,2024-04-28,,1,1,,Green Goblins,28,0,Kraken,Green Goblins,Australian Independent (International) School - AIS
JFF’s 8v8 League by Sambal Bakar,2024-05-01,,1,1,,Pandas,19,6,Primetime,Pandas,Australian Independent (International) School - AIS
JFF’s 8v8 League by Sambal Bakar,2024-05-01,,1,1,,Eagles,20,12,Green Goblins,Eagles,Australian Independent (International) School - AIS
JFF’s 8v8 League by Sambal Bakar,2024-05-01,,1,1,,Headshoes Union,12,13,Nightwing,Nightwing,Australian Independent (International) School - AIS
JFF’s 8v8 League by Sambal Bakar,2024-05-05,,1,1,,Bombshells,12,6,Nightwing,Bombshells,Australian Independent (International) School - AIS
JFF’s 8v8 League by Sambal Bakar,2024-05-05,,1,1,,Eagles,13,14,Headshoes Union,Headshoes Union,Australian Independent (International) School - AIS
JFF’s 8v8 League by Sambal Bakar,2024-05-05,,1,1,,Capitals,52,0,Kraken,Capitals,Australian Independent (International) School - AIS
JFF’s 8v8 League by Sambal Bakar,2024-05-12,,1,1,,Green Goblins,6,22,Pandas,Pandas,Australian Independent (International) School - AIS
JFF’s 8v8 League by Sambal Bakar,2024-05-12,,1,1,,Capitals,21,12,Headshoes Union,Capitals,Australian Independent (International) School - AIS
JFF’s 8v8 League by Sambal Bakar,2024-05-12,,1,1,,Kraken,13,13,Primetime,Draw,Australian Independent (International) School - AIS
JFF’s 8v8 League by Sambal Bakar,2024-05-19,,1,1,,Eagles,18,25,Pandas,Pandas,Australian Independent (International) School - AIS
JFF’s 8v8 League by Sambal Bakar,2024-05-19,,1,1,,Nightwing,80,0,Primetime,Nightwing,Australian Independent (International) School - AIS
JFF’s 8v8 League by Sambal Bakar,2024-05-19,,1,1,,Bombshells,6,6,Headshoes Union,Draw,Australian Independent (International) School - AIS
JFF’s 8v8 League by Sambal Bakar,2024-05-26,,1,1,,Bombshells,27,0,Kraken,Bombshells,Australian Independent (International) School - AIS
JFF’s 8v8 League by Sambal Bakar,2024-05-26,,1,1,,Capitals,27,6,Green Goblins,Capitals,Australian Independent (International) School - AIS
JFF’s 8v8 League by Sambal Bakar,2024-05-26,,1,1,,Eagles,13,26,Nightwing,Nightwing,Australian Independent (International) School - AIS
JFF’s 8v8 League by Sambal Bakar,2024-06-02,,1,1,,Green Goblins,36,13,Primetime,Green Goblins,Australian Independent (International) School - AIS
JFF’s 8v8 League by Sambal Bakar,2024-06-02,,1,1,,Headshoes Union,59,0,Kraken,Headshoes Union,Australian Independent (International) School - AIS
JFF’s 8v8 League by Sambal Bakar,2024-06-02,,1,1,,Nightwing,18,0,Pandas,Nightwing,Australian Independent (International) School - AIS
JFF’s 8v8 League by Sambal Bakar,2024-06-09,,1,1,,Capitals,13,18,Nightwing,Nightwing,Australian Independent (International) School - AIS
JFF’s 8v8 League by Sambal Bakar,2024-06-09,,1,1,,Bombshells,22,9,Eagles,Bombshells,Australian Independent (International) School - AIS
JFF’s 8v8 League by Sambal Bakar,2024-06-09,,1,1,,Headshoes Union,48,0,Primetime,Headshoes Union,Australian Independent (International) School - AIS
JFF’s 8v8 League by Sambal Bakar,2024-06-16,,1,1,,Capitals,26,12,Eagles,Capitals,Australian Independent (International) School - AIS
JFF’s 8v8 League by Sambal Bakar,2024-06-16,,1,1,,Bombshells,24,0,Green Goblins,Bombshells,Australian Independent (International) School - AIS
JFF’s 8v8 League by Sambal Bakar,2024-06-16,,1,1,,Kraken,8,39,Pandas,Pandas,Australian Independent (International) School - AIS
JFF’s 8v8 League by Sambal Bakar,2024-06-30,,2,2,Semifinal,Capitals,6,0,Nightwing,Capitals,Australian Independent (International) School - AIS
JFF’s 8v8 League by Sambal Bakar,2024-06-30,,2,2,Semifinal,Bombshells,6,12,Headshoes Union,Headshoes Union,Australian Independent (International) School - AIS
JFF’s 8v8 League by Sambal Bakar,2024-07-07,,2,3,Final,Headshoes Union,7,12,Capitals,Capitals,Australian Independent (International) School - AIS
JFF’s 8v8 League by Sambal Bakar 2025,2025-04-27,,1,1,,Bombshells,22,12,Eagles,Bombshells,Australian Independent (International) School - AIS
JFF’s 8v8 League by Sambal Bakar 2025,2025-04-27,,1,1,,Capitals,26,6,Pandas,Capitals,Australian Independent (International) School - AIS
JFF’s 8v8 League by Sambal Bakar 2025,2025-04-27,,1,1,,KBS,31,0,Primetime,KBS,Australian Independent (International) School - AIS
JFF’s 8v8 League by Sambal Bakar 2025,2025-05-04,,1,1,,Bombshells,0,14,KBS,KBS,Australian Independent (International) School - AIS
JFF’s 8v8 League by Sambal Bakar 2025,2025-05-04,,1,1,,Capitals,38,6,Primetime,Capitals,Australian Independent (International) School - AIS
JFF’s 8v8 League by Sambal Bakar 2025,2025-05-04,,1,1,,Eagles,13,6,Pandas,Eagles,Australian Independent (International) School - AIS
JFF’s 8v8 League by Sambal Bakar 2025,2025-05-11,,1,1,,Bombshells,13,13,Capitals,Draw,Australian Independent (International) School - AIS
JFF’s 8v8 League by Sambal Bakar 2025,2025-05-11,,1,1,,Eagles,12,18,KBS,KBS,Australian Independent (International) School - AIS
JFF’s 8v8 League by Sambal Bakar 2025,2025-05-11,,1,1,,Pandas,33,6,Primetime,Pandas,Australian Independent (International) School - AIS
JFF’s 8v8 League by Sambal Bakar 2025,2025-05-18,,1,1,,Bombshells,46,13,Primetime,Bombshells,Australian Independent (International) School - AIS
JFF’s 8v8 League by Sambal Bakar 2025,2025-05-18,,1,1,,Capitals,13,13,Eagles,Draw,Australian Independent (International) School - AIS
JFF’s 8v8 League by Sambal Bakar 2025,2025-05-18,,1,1,,KBS,21,12,Pandas,KBS,Australian Independent (International) School - AIS
JFF’s 8v8 League by Sambal Bakar 2025,2025-05-25,,1,1,,Bombshells,19,6,Pandas,Bombshells,Australian Independent (International) School - AIS
JFF’s 8v8 League by Sambal Bakar 2025,2025-05-25,,1,1,,Capitals,6,22,KBS,KBS,Australian Independent (International) School - AIS
JFF’s 8v8 League by Sambal Bakar 2025,2025-05-25,,1,1,,Eagles,30,14,Primetime,Eagles,Australian Independent (International) School - AIS
JFF’s 8v8 League by Sambal Bakar 2025,2025-06-01,,1,2,,Primetime,6,34,Bombshells,Bombshells,Australian Independent (International) School - AIS
JFF’s 8v8 League by Sambal Bakar 2025,2025-06-01,,1,2,,Pandas,14,23,Capitals,Capitals,Australian Independent (International) School - AIS
JFF’s 8v8 League by Sambal Bakar 2025,2025-06-01,,1,2,,KBS,32,0,Eagles,KBS,Australian Independent (International) School - AIS
JFF’s 8v8 League by Sambal Bakar 2025,2025-06-08,,1,2,,Primetime,7,27,Eagles,Eagles,Australian Independent (International) School - AIS
JFF’s 8v8 League by Sambal Bakar 2025,2025-06-08,,1,2,,Pandas,12,36,KBS,KBS,Australian Independent (International) School - AIS
JFF’s 8v8 League by Sambal Bakar 2025,2025-06-08,,1,2,,Capitals,7,6,Bombshells,Capitals,Australian Independent (International) School - AIS
JFF’s 8v8 League by Sambal Bakar 2025,2025-06-15,,1,2,,Primetime,25,6,Pandas,Primetime,Australian Independent (International) School - AIS
JFF’s 8v8 League by Sambal Bakar 2025,2025-06-15,,1,2,,KBS,19,0,Bombshells,KBS,Australian Independent (International) School - AIS
JFF’s 8v8 League by Sambal Bakar 2025,2025-06-15,,1,2,,Eagles,4,13,Capitals,Capitals,Australian Independent (International) School - AIS
JFF’s 8v8 League by Sambal Bakar 2025,2025-06-22,,2,1,Semifinal,KBS,12,7,Eagles,KBS,Australian Independent (International) School - AIS
JFF’s 8v8 League by Sambal Bakar 2025,2025-06-22,,2,1,Semifinal,Bombshells,20,7,Capitals,Bombshells,Australian Independent (International) School - AIS
JFF’s 8v8 League by Sambal Bakar 2025,2025-06-29,,2,2,Final,KBS,9,7,Bombshells,KBS,Australian Independent (International) School - AIS
JFF's Development Arena : Rising Stars by Imboost,2024-02-24,,1,1,,Cerberus,7,6,Senayan Strikers,Cerberus,Stadion VIJ Petojo
JFF's Development Arena : Rising Stars by Imboost,2024-02-24,,1,1,,Cerberus,19,12,Jade Jesters,Cerberus,Stadion VIJ Petojo
JFF's Development Arena : Rising Stars by Imboost,2024-02-24,,1,1,,Cerberus,19,13,Phantom Menace,Cerberus,Stadion VIJ Petojo
JFF's Development Arena : Rising Stars by Imboost,2024-02-24,,1,1,,Jade Jesters,6,25,Phantom Menace,Phantom Menace,Stadion VIJ Petojo
JFF's Development Arena : Rising Stars by Imboost,2024-02-24,,1,1,,Killmonger,19,13,Senayan Strikers,Killmonger,Stadion VIJ Petojo
JFF's Development Arena : Rising Stars by Imboost,2024-02-24,,1,1,,Neptune,18,0,Senayan Strikers,Neptune,Stadion VIJ Petojo
JFF's Development Arena : Rising Stars by Imboost,2024-02-24,,1,1,,Killmonger,14,19,Neptune,Neptune,Stadion VIJ Petojo
JFF's Development Arena : Rising Stars by Imboost,2024-02-24,,1,1,,Neptune,6,20,Phantom Menace,Phantom Menace,Stadion VIJ Petojo
JFF's Development Arena : Rising Stars by Imboost,2024-02-25,,1,1,,Cerberus,25,26,Killmonger,Killmonger,Stadion VIJ Petojo
JFF's Development Arena : Rising Stars by Imboost,2024-02-25,,1,1,,Phantom Menace,13,12,Senayan Strikers,Phantom Menace,Stadion VIJ Petojo
JFF's Development Arena : Rising Stars by Imboost,2024-02-25,,1,1,,Jade Jesters,6,19,Neptune,Neptune,Stadion VIJ Petojo
JFF's Development Arena : Rising Stars by Imboost,2024-02-25,,1,1,,Killmonger,12,13,Phantom Menace,Phantom Menace,Stadion VIJ Petojo
JFF's Development Arena : Rising Stars by Imboost,2024-02-25,,1,1,,Cerberus,6,7,Neptune,Neptune,Stadion VIJ Petojo
JFF's Development Arena : Rising Stars by Imboost,2024-02-25,,1,1,,Jade Jesters,20,0,Senayan Strikers,Jade Jesters,Stadion VIJ Petojo
JFF's Development Arena : Rising Stars by Imboost,2024-02-25,,1,1,,Jade Jesters,18,18,Killmonger,Draw,Stadion VIJ Petojo
JFF's Development Arena : Rising Stars by Imboost,2024-03-02,Placement Match,2,,,Killmonger,14,13,Senayan Strikers,Killmonger,Stadion VIJ Petojo
JFF's Development Arena : Rising Stars by Imboost,2024-03-02,,2,2,Semifinal,Phantom Menace,13,19,Jade Jesters,Jade Jesters,Stadion VIJ Petojo
JFF's Development Arena : Rising Stars by Imboost,2024-03-02,,2,3,3rd Place,Phantom Menace,12,7,Cerberus,Phantom Menace,Stadion VIJ Petojo
JFF's Development Arena : Rising Stars by Imboost,2024-03-02,,2,1,,Cerberus,33,6,Senayan Strikers,Cerberus,Stadion VIJ Petojo
JFF's Development Arena : Rising Stars by Imboost,2024-03-02,,2,1,,Jade Jesters,7,0,Killmonger,Jade Jesters,Stadion VIJ Petojo
JFF's Development Arena : Rising Stars by Imboost,2024-03-02,,2,3,Final,Jade Jesters,7,12,Neptune,Neptune,Stadion VIJ Petojo
JFF's Development Arena : Rising Stars by Imboost,2024-03-02,,2,2,Semifinal,Cerberus,18,19,Neptune,Neptune,Stadion VIJ Petojo
Open SZN 2 by Kohai Izakaya,2024-11-16,,1,1,,Aozora,20,20,Tungsten,Draw,Al-Izhar Pondok Labu
Open SZN 2 by Kohai Izakaya,2024-11-16,,1,1,,Hammerhead,0,41,Jokers,Jokers,Al-Izhar Pondok Labu
Open SZN 2 by Kohai Izakaya,2024-11-16,,1,1,,Boars,6,26,Spectres,Spectres,Al-Izhar Pondok Labu
Open SZN 2 by Kohai Izakaya,2024-11-16,,1,1,,MF,20,18,The New Team,MF,Al-Izhar Pondok Labu
Open SZN 2 by Kohai Izakaya,2024-11-16,,1,1,,Bombshells,7,40,Glorius,Glorius,Al-Izhar Pondok Labu
Open SZN 2 by Kohai Izakaya,2024-11-16,,1,1,,Eagles,25,13,Eagles Young Guns,Eagles,Al-Izhar Pondok Labu
Open SZN 2 by Kohai Izakaya,2024-11-16,,1,1,,Cygnus,77,0,ISO : Istri Sudah Ok,Cygnus,Al-Izhar Pondok Labu
Open SZN 2 by Kohai Izakaya,2024-11-16,,1,1,,Riptide,30,31,Tropics,Tropics,Al-Izhar Pondok Labu
Open SZN 2 by Kohai Izakaya,2024-11-17,,1,1,,Aozora,0,26,Jokers,Jokers,Al-Izhar Pondok Labu
Open SZN 2 by Kohai Izakaya,2024-11-17,,1,1,,Hammerhead,0,52,Tungsten,Tungsten,Al-Izhar Pondok Labu
Open SZN 2 by Kohai Izakaya,2024-11-17,,1,1,,Boars,41,6,MF,Boars,Al-Izhar Pondok Labu
Open SZN 2 by Kohai Izakaya,2024-11-17,,1,1,,Spectres,50,0,The New Team,Spectres,Al-Izhar Pondok Labu
Open SZN 2 by Kohai Izakaya,2024-11-17,,1,1,,Bombshells,19,13,Eagles,Bombshells,Al-Izhar Pondok Labu
Open SZN 2 by Kohai Izakaya,2024-11-17,,1,1,,Eagles Young Guns,0,62,Glorius,Glorius,Al-Izhar Pondok Labu
Open SZN 2 by Kohai Izakaya,2024-11-17,,1,1,,Cygnus,53,12,Riptide,Cygnus,Al-Izhar Pondok Labu
Open SZN 2 by Kohai Izakaya,2024-11-17,,1,1,,ISO : Istri Sudah Ok,0,37,Tropics,Tropics,Al-Izhar Pondok Labu
Open SZN 2 by Kohai Izakaya,2024-11-23,,1,1,,Aozora,20,6,Hammerhead,Aozora,Al-Izhar Pondok Labu
Open SZN 2 by Kohai Izakaya,2024-11-23,,1,1,,Jokers,18,32,Tungsten,Tungsten,Al-Izhar Pondok Labu
Open SZN 2 by Kohai Izakaya,2024-11-23,,1,1,,Boars,33,6,The New Team,Boars,Al-Izhar Pondok Labu
Open SZN 2 by Kohai Izakaya,2024-11-23,,1,1,,MF,0,49,Spectres,Spectres,Al-Izhar Pondok Labu
Open SZN 2 by Kohai Izakaya,2024-11-23,,1,1,,Bombshells,47,6,Eagles Young Guns,Bombshells,Al-Izhar Pondok Labu
Open SZN 2 by Kohai Izakaya,2024-11-23,,1,1,,Eagles,19,33,Glorius,Glorius,Al-Izhar Pondok Labu
Open SZN 2 by Kohai Izakaya,2024-11-23,,1,1,,Cygnus,58,26,Tropics,Cygnus,Al-Izhar Pondok Labu
Open SZN 2 by Kohai Izakaya,2024-11-23,,1,1,,ISO : Istri Sudah Ok,7,36,Riptide,Riptide,Al-Izhar Pondok Labu
Open SZN 2 by Kohai Izakaya,2024-11-24,Seed 3 Semifinal: #9 vs #12,2,,Seed 3 Semifinal: #9 vs #12,Aozora,43,14,MF,Aozora,Al-Izhar Pondok Labu
Open SZN 2 by Kohai Izakaya,2024-11-24,Seed 4 Semifinal: #13 vs #16,2,,Seed 4 Semifinal: #13 vs #16,The New Team,25,0,ISO : Istri Sudah Ok,The New Team,Al-Izhar Pondok Labu
Open SZN 2 by Kohai Izakaya,2024-11-24,,2,1,Quarterfinal,Cygnus,45,8,Tropics,Cygnus,Al-Izhar Pondok Labu
Open SZN 2 by Kohai Izakaya,2024-11-24,,2,1,Quarterfinal,Bombshells,14,54,Spectres,Spectres,Al-Izhar Pondok Labu
Open SZN 2 by Kohai Izakaya,2024-11-30,Consolation Semifinal 1,2,,Consolation Semifinal 1,Jokers,26,21,Tropics,Jokers,Al-Izhar Pondok Labu
Open SZN 2 by Kohai Izakaya,2024-11-30,Consolation Semifinal 2,2,,Consolation Semifinal 2,Boars,19,12,Bombshells,Boars,Al-Izhar Pondok Labu
Open SZN 2 by Kohai Izakaya,2024-11-30,Seed 3 - 3rd place (11th),2,,11th Place,Riptide,32,19,MF,Riptide,Al-Izhar Pondok Labu
Open SZN 2 by Kohai Izakaya,2024-11-30,Seed 3 Semifinal: #10 vs #11,2,,Seed 3 Semifinal: #10 vs #11,Eagles,54,20,Riptide,Eagles,Al-Izhar Pondok Labu
Open SZN 2 by Kohai Izakaya,2024-11-30,Seed 4 - 3rd Place (15th),2,,15th Place,Hammerhead,24,25,ISO : Istri Sudah Ok,ISO : Istri Sudah Ok,Al-Izhar Pondok Labu
Open SZN 2 by Kohai Izakaya,2024-11-30,Seed 4 Final (13th),2,,13th Place,The New Team,6,18,Eagles Young Guns,Eagles Young Guns,Al-Izhar Pondok Labu
Open SZN 2 by Kohai Izakaya,2024-11-30,Seed 4 Semifinal: #14 vs #15,2,,Seed 4 Semifinal: #14 vs #15,Hammerhead,7,32,Eagles Young Guns,Eagles Young Guns,Al-Izhar Pondok Labu
Open SZN 2 by Kohai Izakaya,2024-11-30,,2,1,Quarterfinal,Jokers,12,25,Tungsten,Tungsten,Al-Izhar Pondok Labu
Open SZN 2 by Kohai Izakaya,2024-11-30,,2,2,Semifinal,Cygnus,39,0,Tungsten,Cygnus,Al-Izhar Pondok Labu
Open SZN 2 by Kohai Izakaya,2024-11-30,,2,2,Semifinal,Glorius,14,33,Spectres,Spectres,Al-Izhar Pondok Labu
Open SZN 2 by Kohai Izakaya,2024-11-30,,2,1,Quarterfinal,Glorius,38,28,Boars,Glorius,Al-Izhar Pondok Labu
Open SZN 2 by Kohai Izakaya,2024-12-01,5th Place,2,,5th Place,Jokers,18,14,Boars,Jokers,Al-Izhar Pondok Labu
Open SZN 2 by Kohai Izakaya,2024-12-01,7th Place,2,,7th Place,Tropics,8,21,Bombshells,Bombshells,Al-Izhar Pondok Labu
Open SZN 2 by Kohai Izakaya,2024-12-01,Seed 3 Final (9th),2,,9th Place,Aozora,24,26,Eagles,Eagles,Al-Izhar Pondok Labu
Open SZN 2 by Kohai Izakaya,2024-12-01,,2,3,Final,Cygnus,33,27,Spectres,Cygnus,Al-Izhar Pondok Labu
Open SZN 2 by Kohai Izakaya,2024-12-01,,2,3,3rd Place,Tungsten,32,27,Glorius,Tungsten,Al-Izhar Pondok Labu
Open SZN 3 by LLTTFOC (Men),2025-11-02,,1,1,,Aozora,27,32,Eagles,Eagles,Al-Izhar Pondok Labu
Open SZN 3 by LLTTFOC (Men),2025-11-02,,1,1,,SMA AIPL,0,71,Tungsten,Tungsten,Al-Izhar Pondok Labu
Open SZN 3 by LLTTFOC (Men),2025-11-02,,1,1,,Boars,40,38,Fenrir,Boars,Al-Izhar Pondok Labu
Open SZN 3 by LLTTFOC (Men),2025-11-02,,1,1,,Oozma Kappa,0,67,TAFF Sports Team,TAFF Sports Team,Al-Izhar Pondok Labu
Open SZN 3 by LLTTFOC (Men),2025-11-02,,1,1,,Cygnus,50,12,Eagles Young Guns,Cygnus,Al-Izhar Pondok Labu
Open SZN 3 by LLTTFOC (Men),2025-11-02,,1,1,,Tropics,7,13,UPH Bulldogs,UPH Bulldogs,Al-Izhar Pondok Labu
Open SZN 3 by LLTTFOC (Men),2025-11-02,,1,1,,Rack City,9,55,Toro Rosso,Toro Rosso,Al-Izhar Pondok Labu
Open SZN 3 by LLTTFOC (Men),2025-11-02,,1,1,,Riptide,13,45,Spectres,Spectres,Al-Izhar Pondok Labu
Open SZN 3 by LLTTFOC (Men),2025-11-08,,1,1,,Aozora,0,27,Tungsten,Tungsten,Al-Izhar Pondok Labu
Open SZN 3 by LLTTFOC (Men),2025-11-08,,1,1,,Eagles,32,0,SMA AIPL,Eagles,Al-Izhar Pondok Labu
Open SZN 3 by LLTTFOC (Men),2025-11-08,,1,1,,Boars,48,0,Oozma Kappa,Boars,Al-Izhar Pondok Labu
Open SZN 3 by LLTTFOC (Men),2025-11-08,,1,1,,Fenrir,0,67,TAFF Sports Team,TAFF Sports Team,Al-Izhar Pondok Labu
Open SZN 3 by LLTTFOC (Men),2025-11-08,,1,1,,Cygnus,54,0,UPH Bulldogs,Cygnus,Al-Izhar Pondok Labu
Open SZN 3 by LLTTFOC (Men),2025-11-08,,1,1,,Eagles Young Guns,20,27,Tropics,Tropics,Al-Izhar Pondok Labu
Open SZN 3 by LLTTFOC (Men),2025-11-08,,1,1,,Rack City,0,70,Spectres,Spectres,Al-Izhar Pondok Labu
Open SZN 3 by LLTTFOC (Men),2025-11-08,,1,1,,Riptide,13,27,Toro Rosso,Toro Rosso,Al-Izhar Pondok Labu
Open SZN 3 by LLTTFOC (Men),2025-11-15,,1,1,,Aozora,39,6,SMA AIPL,Aozora,Al-Izhar Pondok Labu
Open SZN 3 by LLTTFOC (Men),2025-11-15,,1,1,,Eagles,8,34,Tungsten,Tungsten,Al-Izhar Pondok Labu
Open SZN 3 by LLTTFOC (Men),2025-11-15,,1,1,,Boars,19,21,TAFF Sports Team,TAFF Sports Team,Al-Izhar Pondok Labu
Open SZN 3 by LLTTFOC (Men),2025-11-15,,1,1,,Fenrir,44,12,Oozma Kappa,Fenrir,Al-Izhar Pondok Labu
Open SZN 3 by LLTTFOC (Men),2025-11-15,,1,1,,Cygnus,51,6,Tropics,Cygnus,Al-Izhar Pondok Labu
Open SZN 3 by LLTTFOC (Men),2025-11-15,,1,1,,Eagles Young Guns,18,19,UPH Bulldogs,UPH Bulldogs,Al-Izhar Pondok Labu
Open SZN 3 by LLTTFOC (Men),2025-11-15,,1,1,,Rack City,7,42,Riptide,Riptide,Al-Izhar Pondok Labu
Open SZN 3 by LLTTFOC (Men),2025-11-15,,1,1,,Spectres,33,32,Toro Rosso,Spectres,Al-Izhar Pondok Labu
Open SZN 3 by LLTTFOC (Men),2025-11-22,3rd seed first round A,2,,,Aozora,20,46,Tropics,Tropics,Al-Izhar Pondok Labu
Open SZN 3 by LLTTFOC (Men),2025-11-22,3rd seed first round B,2,,,Riptide,13,12,Fenrir,Riptide,Al-Izhar Pondok Labu
Open SZN 3 by LLTTFOC (Men),2025-11-22,4th seed first round A,2,,,Eagles Young Guns,32,12,Rack City,Eagles Young Guns,Al-Izhar Pondok Labu
Open SZN 3 by LLTTFOC (Men),2025-11-22,4th seed first round B,2,,,SMA AIPL,6,20,Oozma Kappa,Oozma Kappa,Al-Izhar Pondok Labu
Open SZN 3 by LLTTFOC (Men),2025-11-22,,2,1,Quarterfinal,Cygnus,29,12,UPH Bulldogs,Cygnus,Al-Izhar Pondok Labu
Open SZN 3 by LLTTFOC (Men),2025-11-22,,2,1,Quarterfinal,Toro Rosso,19,12,Spectres,Toro Rosso,Al-Izhar Pondok Labu
Open SZN 3 by LLTTFOC (Men),2025-11-22,,2,1,Quarterfinal,Tungsten,14,20,Boars,Boars,Al-Izhar Pondok Labu
Open SZN 3 by LLTTFOC (Men),2025-11-22,,2,1,Quarterfinal,Eagles,6,39,TAFF Sports Team,TAFF Sports Team,Al-Izhar Pondok Labu
Open SZN 3 by LLTTFOC (Men),2025-11-29,11th place,2,,11th Place,Aozora,0,12,Fenrir,Fenrir,Al-Izhar Pondok Labu
Open SZN 3 by LLTTFOC (Men),2025-11-29,13th place,2,,13th Place,Eagles Young Guns,0,18,Oozma Kappa,Oozma Kappa,Al-Izhar Pondok Labu
Open SZN 3 by LLTTFOC (Men),2025-11-29,15th place,2,,15th Place,Rack City,33,12,SMA AIPL,Rack City,Al-Izhar Pondok Labu
Open SZN 3 by LLTTFOC (Men),2025-11-29,9th place,2,,9th Place,Tropics,25,14,Riptide,Tropics,Al-Izhar Pondok Labu
Open SZN 3 by LLTTFOC (Men),2025-11-29,,2,2,Semifinal,Cygnus,39,12,Toro Rosso,Cygnus,Al-Izhar Pondok Labu
Open SZN 3 by LLTTFOC (Men),2025-11-29,,2,2,Semifinal,Boars,6,32,TAFF Sports Team,TAFF Sports Team,Al-Izhar Pondok Labu
Open SZN 3 by LLTTFOC (Men),2025-11-29,,2,,,Tungsten,28,30,Eagles,Eagles,Al-Izhar Pondok Labu
Open SZN 3 by LLTTFOC (Men),2025-12-06,5th Place,2,,5th Place,Spectres,25,0,Eagles,Spectres,Al-Izhar Pondok Labu
Open SZN 3 by LLTTFOC (Men),2025-12-06,7th Place,2,,7th Place,Tungsten,20,6,UPH Bulldogs,Tungsten,Al-Izhar Pondok Labu
Open SZN 3 by LLTTFOC (Men),2025-12-06,,2,3,Final,Cygnus,19,7,TAFF Sports Team,Cygnus,Al-Izhar Pondok Labu
Open SZN 3 by LLTTFOC (Men),2025-12-06,,2,3,3rd Place,Toro Rosso,25,15,Boars,Toro Rosso,Al-Izhar Pondok Labu
Open SZN 3 by LLTTFOC (Men),2025-12-06,,2,,,Spectres,42,7,UPH Bulldogs,Spectres,Al-Izhar Pondok Labu
Open SZN 3 by LLTTFOC (Women),2025-11-11,,1,1,,Dracarys,14,6,Gorgons,Dracarys,Al-Izhar Pondok Labu
Open SZN 3 by LLTTFOC (Women),2025-11-11,,1,1,,Orcas,13,27,Warwolves,Warwolves,Al-Izhar Pondok Labu
Open SZN 3 by LLTTFOC (Women),2025-11-11,,1,1,,Orion,0,27,Warwolves,Warwolves,Al-Izhar Pondok Labu
Open SZN 3 by LLTTFOC (Women),2025-11-11,,1,1,,Panthers,41,0,Thunderbirds,Panthers,Al-Izhar Pondok Labu
Open SZN 3 by LLTTFOC (Women),2025-11-12,,1,1,,Dracarys,20,0,Thunderbirds,Dracarys,Al-Izhar Pondok Labu
Open SZN 3 by LLTTFOC (Women),2025-11-12,,1,1,,Gorgons,13,0,Panthers,Gorgons,Al-Izhar Pondok Labu
Open SZN 3 by LLTTFOC (Women),2025-11-12,,1,1,,Orion,14,34,Warwolves,Warwolves,Al-Izhar Pondok Labu
Open SZN 3 by LLTTFOC (Women),2025-11-15,,1,1,,Dracarys,26,6,Panthers,Dracarys,Al-Izhar Pondok Labu
Open SZN 3 by LLTTFOC (Women),2025-11-15,,1,1,,Orcas,12,6,Orion,Orcas,Al-Izhar Pondok Labu
Open SZN 3 by LLTTFOC (Women),2025-11-15,,1,1,,Gorgons,34,0,Thunderbirds,Gorgons,Al-Izhar Pondok Labu
Open SZN 3 by LLTTFOC (Women),2025-11-15,,1,1,,Orcas,0,20,Warwolves,Warwolves,Al-Izhar Pondok Labu
Open SZN 3 by LLTTFOC (Women),2025-11-22,,1,,,Orion,19,13,Gorgons,Orion,Al-Izhar Pondok Labu
Open SZN 3 by LLTTFOC (Women),2025-11-22,,1,,,Panthers,7,12,Orcas,Orcas,Al-Izhar Pondok Labu
Open SZN 3 by LLTTFOC (Women),2025-11-22,,1,,Placement Round Robin 1,Thunderbirds,0,19,Gorgons,Gorgons,Al-Izhar Pondok Labu
Open SZN 3 by LLTTFOC (Women),2025-11-22,,1,,Placement Round Robin 2,Thunderbirds,13,12,Panthers,Thunderbirds,Al-Izhar Pondok Labu
Open SZN 3 by LLTTFOC (Women),2025-11-29,,1,,Placement Round Robin 3,Gorgons,26,0,Panthers,Gorgons,Al-Izhar Pondok Labu
Open SZN 3 by LLTTFOC (Women),2025-12-06,,2,2,Final,Orion,6,31,Dracarys,Dracarys,Al-Izhar Pondok Labu
Open SZN 3 by LLTTFOC (Women),2025-12-06,,2,2,3rd Place,Warwolves,28,6,Orcas,Warwolves,Al-Izhar Pondok Labu
Open SZN 3 by LLTTFOC (Women),2025-11-29,,2,1,Semifinal,Warwolves,19,21,Orion,Orion,Al-Izhar Pondok Labu
Open SZN 3 by LLTTFOC (Women),2025-11-29,,2,1,Semifinal,Orcas,12,20,Dracarys,Dracarys,Al-Izhar Pondok Labu
WFF Batavia Minor League 2024,2024-02-03,,1,1,,HONEY BADGER BLITZ,19,12,LADY WHITE,HONEY BADGER BLITZ,Hockey Field A
WFF Batavia Minor League 2024,2024-02-03,,1,1,,FRENCH 75,26,6,PINK LEMONADE,FRENCH 75,Hockey Field A
WFF Batavia Minor League 2024,2024-02-03,,1,1,,BULLRED,31,12,PINA COLADA,BULLRED,Hockey Field A
WFF Batavia Minor League 2024,2024-02-04,,1,1,,HONEY BADGER BLITZ,7,6,PINK LEMONADE,HONEY BADGER BLITZ,Hockey Field A
WFF Batavia Minor League 2024,2024-02-04,,1,1,,LADY WHITE,13,0,PINA COLADA,LADY WHITE,Hockey Field A
WFF Batavia Minor League 2024,2024-02-04,,1,1,,BULLRED,38,12,FRENCH 75,BULLRED,Hockey Field A
WFF Batavia Minor League 2024,2024-02-08,,1,1,,BULLRED,0,7,HONEY BADGER BLITZ,HONEY BADGER BLITZ,Hockey Field A
WFF Batavia Minor League 2024,2024-02-08,,1,1,,LADY WHITE,19,0,PINK LEMONADE,LADY WHITE,Hockey Field A
WFF Batavia Minor League 2024,2024-02-08,,1,1,,FRENCH 75,6,7,PINA COLADA,PINA COLADA,Hockey Field A
WFF Batavia Minor League 2024,2024-02-11,,1,1,,BULLRED,38,12,PINK LEMONADE,BULLRED,Hockey Field A
WFF Batavia Minor League 2024,2024-02-11,,1,1,,HONEY BADGER BLITZ,19,13,PINA COLADA,HONEY BADGER BLITZ,Hockey Field A
WFF Batavia Minor League 2024,2024-02-11,,1,1,,FRENCH 75,13,13,LADY WHITE,Draw,Hockey Field A
WFF Batavia Minor League 2024,2024-02-17,,1,1,,BULLRED,14,6,LADY WHITE,BULLRED,Hockey Field A
WFF Batavia Minor League 2024,2024-02-17,,1,1,,FRENCH 75,7,13,HONEY BADGER BLITZ,HONEY BADGER BLITZ,Hockey Field A
WFF Batavia Minor League 2024,2024-02-17,,1,1,,PINA COLADA,20,7,PINK LEMONADE,PINA COLADA,Hockey Field A
WFF Batavia Minor League 2024,2024-02-18,,1,,Final,PINA COLADA,19,25,BULLRED,BULLRED,Hockey Field A
WFF Batavia Minor League 2024,2024-02-18,,1,,Semifinal,BULLRED,14,12,LADY WHITE,BULLRED,Hockey Field A
WFF Batavia Minor League 2024,2024-02-18,,1,,Semifinal,HONEY BADGER BLITZ,26,27,PINA COLADA,PINA COLADA,Hockey Field A
WFF Minor League 2025 : DevZone,2025-02-01,,1,1,,APHRODITE,32,19,ATHENA,APHRODITE,GBK Hockey Field
WFF Minor League 2025 : DevZone,2025-02-01,,1,1,,APHRODITE,13,19,HERA,HERA,GBK Hockey Field
WFF Minor League 2025 : DevZone,2025-02-01,,1,1,,ARTEMIS,46,21,ATHENA,ARTEMIS,GBK Hockey Field
WFF Minor League 2025 : DevZone,2025-02-01,,1,1,,ARTEMIS,18,25,HERA,HERA,GBK Hockey Field
WFF Minor League 2025 : DevZone,2025-02-15,,2,1,Semifinal,HERA,27,19,ATHENA,HERA,GBK Hockey Field
WFF Minor League 2025 : DevZone,2025-02-15,,2,1,Semifinal,ARTEMIS,27,20,APHRODITE,ARTEMIS,GBK Hockey Field
WFF Minor League 2025 : DevZone,2025-02-22,,2,2,3rd Place,HERA,13,7,ARTEMIS,HERA,GBK Hockey Field
WFF Minor League 2025 : DevZone,2025-02-22,,2,2,Final,ATHENA,32,19,APHRODITE,ATHENA,GBK Hockey Field
WFF Minor League 2025 : DevZone,2025-02-08,,1,1,,APHRODITE,26,19,ARTEMIS,APHRODITE,GBK Hockey Field
WFF Minor League 2025 : DevZone,2025-02-08,,1,1,,ATHENA,6,26,HERA,HERA,GBK Hockey Field
WFF Jakarta League 2023 by GIRIK,2023-07-09,S1.PA.R1.4,1,1,,Gazelles,0,34,Orcas,Orcas,AIS Indonesia Jakarta
WFF Jakarta League 2023 by GIRIK,2023-07-09,S1.PA.R1.5,1,1,,Dracarys,62,0,Red Pandas,Dracarys,AIS Indonesia Jakarta
WFF Jakarta League 2023 by GIRIK,2023-07-09,S1.PA.R1.6,1,1,,Phoenix,24,29,Warwolves,Warwolves,AIS Indonesia Jakarta
WFF Jakarta League 2023 by GIRIK,2023-07-15,S1.PA.R1.13,1,1,,Gazelles,0,13,Phoenix,Phoenix,AIS Indonesia Jakarta
WFF Jakarta League 2023 by GIRIK,2023-07-15,S1.PA.R1.14,1,1,,Orcas,56,7,Red Pandas,Orcas,AIS Indonesia Jakarta
WFF Jakarta League 2023 by GIRIK,2023-07-15,S1.PA.R1.15,1,1,,Dracarys,32,13,Warwolves,Dracarys,AIS Indonesia Jakarta
WFF Jakarta League 2023 by GIRIK,2023-07-19,S1.PA.R1.10,1,1,,Dracarys,31,0,Phoenix,Dracarys,AIS Indonesia Jakarta
WFF Jakarta League 2023 by GIRIK,2023-07-19,S1.PA.R1.11,1,1,,Gazelles,6,6,Red Pandas,,AIS Indonesia Jakarta
WFF Jakarta League 2023 by GIRIK,2023-07-19,S1.PA.R1.12,1,1,,Orcas,8,41,Warwolves,Warwolves,AIS Indonesia Jakarta
WFF Jakarta League 2023 by GIRIK,2023-07-29,S1.PA.R1.1,1,1,,Dracarys,35,0,Gazelles,Dracarys,AIS Indonesia Jakarta
WFF Jakarta League 2023 by GIRIK,2023-07-29,S1.PA.R1.2,1,1,,Orcas,25,28,Phoenix,Phoenix,AIS Indonesia Jakarta
WFF Jakarta League 2023 by GIRIK,2023-07-29,S1.PA.R1.3,1,1,,Red Pandas,0,48,Warwolves,Warwolves,AIS Indonesia Jakarta
WFF Jakarta League 2023 by GIRIK,2023-08-05,S1.PA.R1.7,1,1,,Dracarys,33,0,Orcas,Dracarys,AIS Indonesia Jakarta
WFF Jakarta League 2023 by GIRIK,2023-08-05,S1.PA.R1.8,1,1,,Phoenix,32,0,Red Pandas,Phoenix,AIS Indonesia Jakarta
WFF Jakarta League 2023 by GIRIK,2023-08-05,S1.PA.R1.9,1,1,,Gazelles,0,35,Warwolves,Warwolves,AIS Indonesia Jakarta
WFF Jakarta League 2023 by GIRIK,2023-08-05,S2.R1.1,2,1,Semifinal,Dracarys,41,7,Orcas,Dracarys,AIS Indonesia Jakarta
WFF Jakarta League 2023 by GIRIK,2023-08-05,S2.R1.2,2,1,Semifinal,Phoenix,18,28,Warwolves,Warwolves,AIS Indonesia Jakarta
WFF Jakarta League 2023 by GIRIK,2023-08-05,S2.R2.1,2,2,Final,Dracarys,20,27,Warwolves,Warwolves,AIS Indonesia Jakarta